Workbook

Sheet 组合逻辑真值表
A1: 输入 （填1或0，不填为无关项x） | M1: 输出 (只填写为1的情况)
A2: OP5 | B2: OP4 | C2: OP3 | D2: OP2 | E2: OP1 | F2: OP0 | G2: F5 | H2: F4 | I2: F3 | J2: F2 | K2: F1 | L2: F0 | M2: Andi | N2: Jump
A3: 0 | B3: 0 | C3: 0 | D3: 0 | E3: 0 | F3: 0 | G3: 1 | H3: 0 | I3: 0 | J3: 0 | K3: 0 | L3: 0 | M3: 0 | N3: 0 | Y3: add
A4: 0 | B4: 0 | C4: 0 | D4: 0 | E4: 0 | F4: 0 | G4: 1 | H4: 0 | I4: 1 | J4: 0 | K4: 1 | L4: 0 | M4: 0 | N4: 0 | Y4: slt
A5: 0 | B5: 0 | C5: 1 | D5: 0 | E5: 0 | F5: 0 | M5: 0 | N5: 0 | Y5: addi
A6: 0 | B6: 0 | C6: 0 | D6: 1 | E6: 0 | F6: 0 | M6: 0 | N6: 0 | Y6: beq
A7: 0 | B7: 0 | C7: 0 | D7: 1 | E7: 0 | F7: 1 | M7: 0 | N7: 0 | Y7: bne
A8: 1 | B8: 0 | C8: 0 | D8: 0 | E8: 1 | F8: 1 | M8: 0 | N8: 0 | Y8: lw
A9: 1 | B9: 0 | C9: 1 | D9: 0 | E9: 1 | F9: 1 | M9: 0 | N9: 0 | Y9: sw
A10: 0 | B10: 0 | C10: 0 | D10: 0 | E10: 0 | F10: 0 | G10: 0 | H10: 0 | I10: 1 | J10: 1 | K10: 0 | L10: 0 | M10: 0 | N10: 0 | Y10: halt
A11: 0 | B11: 0 | C11: 0 | D11: 0 | E11: 1 | F11: 0 | M11: 0 | N11: 1 | Y11: j
A12: 0 | B12: 0 | C12: 1 | D12: 1 | E12: 0 | F12: 0 | M12: 1 | N12: 0 | Y12: andi
A13: 0 | B13: 0 | C13: 0 | D13: 0 | E13: 0 | F13: 0 | G13: 1 | H13: 0 | I13: 0 | J13: 1 | K13: 0 | L13: 0 | M13: 0 | N13: 0 | Y13: and
A33: 只填写为0和为1的情况，无关项不填， 注意输入输出变量名可自行更改，不用的列不填或隐藏，行数不够上方还有隐藏行，所有表格都有帮助提示，哪里不懂点哪里

Sheet 输出信号表达式自动生成
A1: =组合逻辑真值表!A2 -> OP5 | B1: =组合逻辑真值表!B2 -> OP4 | C1: =组合逻辑真值表!C2 -> OP3 | D1: =组合逻辑真值表!D2 -> OP2 | E1: =组合逻辑真值表!E2 -> OP1 | F1: =组合逻辑真值表!F2 -> OP0 | G1: =组合逻辑真值表!G2 -> F5 | H1: =组合逻辑真值表!H2 -> F4 | ... L1: =组合逻辑真值表!L2 -> F0 | M1: 最小项表达式 | N1: =组合逻辑真值表!M2 -> Andi | O1: =组合逻辑真值表!N2 -> Jump | P1: =组合逻辑真值表!O2 -> 0 | Q1: =组合逻辑真值表!P2 -> 0 | R1: =组合逻辑真值表!Q2 -> 0 | S1: =组合逻辑真值表!R2 -> 0 | T1: =组合逻辑真值表!S2 -> 0 | U1: =组合逻辑真值表!T2 -> 0 | ... Y1: =组合逻辑真值表!X2 -> 0
A2: =IF(组合逻辑真值表!A3<>"",IF(组合逻辑真值表!A3=1,组合逻辑真值表!A$2&"&",IF(组合逻辑真值表!A3=0,"~"&组合逻辑真值表!A$2&"&","")),"") -> ~OP5& | B2: =IF(组合逻辑真值表!B3<>"",IF(组合逻辑真值表!B3=1,组合逻辑真值表!B$2&"&",IF(组合逻辑真值表!B3=0,"~"&组合逻辑真值表!B$2&"&","")),"") -> ~OP4& | C2: =IF(组合逻辑真值表!C3<>"",IF(组合逻辑真值表!C3=1,组合逻辑真值表!C$2&"&",IF(组合逻辑真值表!C3=0,"~"&组合逻辑真值表!C$2&"&","")),"") -> ~OP3& | D2: =IF(组合逻辑真值表!D3<>"",IF(组合逻辑真值表!D3=1,组合逻辑真值表!D$2&"&",IF(组合逻辑真值表!D3=0,"~"&组合逻辑真值表!D$2&"&","")),"") -> ~OP2& | E2: =IF(组合逻辑真值表!E3<>"",IF(组合逻辑真值表!E3=1,组合逻辑真值表!E$2&"&",IF(组合逻辑真值表!E3=0,"~"&组合逻辑真值表!E$2&"&","")),"") -> ~OP1& | F2: =IF(组合逻辑真值表!F3<>"",IF(组合逻辑真值表!F3=1,组合逻辑真值表!F$2&"&",IF(组合逻辑真值表!F3=0,"~"&组合逻辑真值表!F$2&"&","")),"") -> ~OP0& | G2: =IF(组合逻辑真值表!G3<>"",IF(组合逻辑真值表!G3=1,组合逻辑真值表!G$2&"&",IF(组合逻辑真值表!G3=0,"~"&组合逻辑真值表!G$2&"&","")),"") -> F5& | H2: =IF(组合逻辑真值表!H3<>"",IF(组合逻辑真值表!H3=1,组合逻辑真值表!H$2&"&",IF(组合逻辑真值表!H3=0,"~"&组合逻辑真值表!H$2&"&","")),"") -> ~F4& | ... L2: =IF(组合逻辑真值表!L3<>"",IF(组合逻辑真值表!L3=1,组合逻辑真值表!L$2&"&",IF(组合逻辑真值表!L3=0,"~"&组合逻辑真值表!L$2&"&","")),"") -> ~F0& | M2: =IF(LEN(CONCATENATE(A2,B2,C2,D2,E2,F2,G2,H2,I2,J2,K2,L2))=0,"",LEFT(CONCATENATE(A2,B2,C2,D2,E2,F2,G2,H2,I2,J2,K2,L2),LEN(CONCATENATE(A2,B2,C2,D2,E2,F2,G2,H2,I2,J2,K2,L2))-1)) -> ~OP5&~OP4&~OP3&~OP2&~OP1&~OP0&F5&~F4&~F3&~F2&~F1&~F0 | N2: =IF(组合逻辑真值表!M3=1,$M2&"+","") | O2: =IF(组合逻辑真值表!N3=1,$M2&"+","") | P2: =IF(组合逻辑真值表!O3=1,$M2&"+","") | Q2: =IF(组合逻辑真值表!P3=1,$M2&"+","") | R2: =IF(组合逻辑真值表!Q3=1,$M2&"+","") | S2: =IF(组合逻辑真值表!R3=1,$M2&"+","") | T2: =IF(组合逻辑真值表!S3=1,$M2&"+","") | U2: =IF(组合逻辑真值表!T3=1,$M2&"+","") | ... Y2: =IF(组合逻辑真值表!X3=1,$M2&"+","")
A3: =IF(组合逻辑真值表!A4<>"",IF(组合逻辑真值表!A4=1,组合逻辑真值表!A$2&"&",IF(组合逻辑真值表!A4=0,"~"&组合逻辑真值表!A$2&"&","")),"") -> ~OP5& | B3: =IF(组合逻辑真值表!B4<>"",IF(组合逻辑真值表!B4=1,组合逻辑真值表!B$2&"&",IF(组合逻辑真值表!B4=0,"~"&组合逻辑真值表!B$2&"&","")),"") -> ~OP4& | C3: =IF(组合逻辑真值表!C4<>"",IF(组合逻辑真值表!C4=1,组合逻辑真值表!C$2&"&",IF(组合逻辑真值表!C4=0,"~"&组合逻辑真值表!C$2&"&","")),"") -> ~OP3& | D3: =IF(组合逻辑真值表!D4<>"",IF(组合逻辑真值表!D4=1,组合逻辑真值表!D$2&"&",IF(组合逻辑真值表!D4=0,"~"&组合逻辑真值表!D$2&"&","")),"") -> ~OP2& | E3: =IF(组合逻辑真值表!E4<>"",IF(组合逻辑真值表!E4=1,组合逻辑真值表!E$2&"&",IF(组合逻辑真值表!E4=0,"~"&组合逻辑真值表!E$2&"&","")),"") -> ~OP1& | F3: =IF(组合逻辑真值表!F4<>"",IF(组合逻辑真值表!F4=1,组合逻辑真值表!F$2&"&",IF(组合逻辑真值表!F4=0,"~"&组合逻辑真值表!F$2&"&","")),"") -> ~OP0& | G3: =IF(组合逻辑真值表!G4<>"",IF(组合逻辑真值表!G4=1,组合逻辑真值表!G$2&"&",IF(组合逻辑真值表!G4=0,"~"&组合逻辑真值表!G$2&"&","")),"") -> F5& | H3: =IF(组合逻辑真值表!H4<>"",IF(组合逻辑真值表!H4=1,组合逻辑真值表!H$2&"&",IF(组合逻辑真值表!H4=0,"~"&组合逻辑真值表!H$2&"&","")),"") -> ~F4& | ... L3: =IF(组合逻辑真值表!L4<>"",IF(组合逻辑真值表!L4=1,组合逻辑真值表!L$2&"&",IF(组合逻辑真值表!L4=0,"~"&组合逻辑真值表!L$2&"&","")),"") -> ~F0& | M3: =IF(LEN(CONCATENATE(A3,B3,C3,D3,E3,F3,G3,H3,I3,J3,K3,L3))=0,"",LEFT(CONCATENATE(A3,B3,C3,D3,E3,F3,G3,H3,I3,J3,K3,L3),LEN(CONCATENATE(A3,B3,C3,D3,E3,F3,G3,H3,I3,J3,K3,L3))-1)) -> ~OP5&~OP4&~OP3&~OP2&~OP1&~OP0&F5&~F4&F3&~F2&F1&~F0 | N3: =IF(组合逻辑真值表!M4=1,$M3&"+","") | O3: =IF(组合逻辑真值表!N4=1,$M3&"+","") | P3: =IF(组合逻辑真值表!O4=1,$M3&"+","") | Q3: =IF(组合逻辑真值表!P4=1,$M3&"+","") | R3: =IF(组合逻辑真值表!Q4=1,$M3&"+","") | S3: =IF(组合逻辑真值表!R4=1,$M3&"+","") | T3: =IF(组合逻辑真值表!S4=1,$M3&"+","") | U3: =IF(组合逻辑真值表!T4=1,$M3&"+","") | ... Y3: =IF(组合逻辑真值表!X4=1,$M3&"+","")
A4: =IF(组合逻辑真值表!A5<>"",IF(组合逻辑真值表!A5=1,组合逻辑真值表!A$2&"&",IF(组合逻辑真值表!A5=0,"~"&组合逻辑真值表!A$2&"&","")),"") -> ~OP5& | B4: =IF(组合逻辑真值表!B5<>"",IF(组合逻辑真值表!B5=1,组合逻辑真值表!B$2&"&",IF(组合逻辑真值表!B5=0,"~"&组合逻辑真值表!B$2&"&","")),"") -> ~OP4& | C4: =IF(组合逻辑真值表!C5<>"",IF(组合逻辑真值表!C5=1,组合逻辑真值表!C$2&"&",IF(组合逻辑真值表!C5=0,"~"&组合逻辑真值表!C$2&"&","")),"") -> OP3& | D4: =IF(组合逻辑真值表!D5<>"",IF(组合逻辑真值表!D5=1,组合逻辑真值表!D$2&"&",IF(组合逻辑真值表!D5=0,"~"&组合逻辑真值表!D$2&"&","")),"") -> ~OP2& | E4: =IF(组合逻辑真值表!E5<>"",IF(组合逻辑真值表!E5=1,组合逻辑真值表!E$2&"&",IF(组合逻辑真值表!E5=0,"~"&组合逻辑真值表!E$2&"&","")),"") -> ~OP1& | F4: =IF(组合逻辑真值表!F5<>"",IF(组合逻辑真值表!F5=1,组合逻辑真值表!F$2&"&",IF(组合逻辑真值表!F5=0,"~"&组合逻辑真值表!F$2&"&","")),"") -> ~OP0& | G4: =IF(组合逻辑真值表!G5<>"",IF(组合逻辑真值表!G5=1,组合逻辑真值表!G$2&"&",IF(组合逻辑真值表!G5=0,"~"&组合逻辑真值表!G$2&"&","")),"") | H4: =IF(组合逻辑真值表!H5<>"",IF(组合逻辑真值表!H5=1,组合逻辑真值表!H$2&"&",IF(组合逻辑真值表!H5=0,"~"&组合逻辑真值表!H$2&"&","")),"") | ... L4: =IF(组合逻辑真值表!L5<>"",IF(组合逻辑真值表!L5=1,组合逻辑真值表!L$2&"&",IF(组合逻辑真值表!L5=0,"~"&组合逻辑真值表!L$2&"&","")),"") | M4: =IF(LEN(CONCATENATE(A4,B4,C4,D4,E4,F4,G4,H4,I4,J4,K4,L4))=0,"",LEFT(CONCATENATE(A4,B4,C4,D4,E4,F4,G4,H4,I4,J4,K4,L4),LEN(CONCATENATE(A4,B4,C4,D4,E4,F4,G4,H4,I4,J4,K4,L4))-1)) -> ~OP5&~OP4&OP3&~OP2&~OP1&~OP0 | N4: =IF(组合逻辑真值表!M5=1,$M4&"+","") | O4: =IF(组合逻辑真值表!N5=1,$M4&"+","") | P4: =IF(组合逻辑真值表!O5=1,$M4&"+","") | Q4: =IF(组合逻辑真值表!P5=1,$M4&"+","") | R4: =IF(组合逻辑真值表!Q5=1,$M4&"+","") | S4: =IF(组合逻辑真值表!R5=1,$M4&"+","") | T4: =IF(组合逻辑真值表!S5=1,$M4&"+","") | U4: =IF(组合逻辑真值表!T5=1,$M4&"+","") | ... Y4: =IF(组合逻辑真值表!X5=1,$M4&"+","")
A5: =IF(组合逻辑真值表!A6<>"",IF(组合逻辑真值表!A6=1,组合逻辑真值表!A$2&"&",IF(组合逻辑真值表!A6=0,"~"&组合逻辑真值表!A$2&"&","")),"") -> ~OP5& | B5: =IF(组合逻辑真值表!B6<>"",IF(组合逻辑真值表!B6=1,组合逻辑真值表!B$2&"&",IF(组合逻辑真值表!B6=0,"~"&组合逻辑真值表!B$2&"&","")),"") -> ~OP4& | C5: =IF(组合逻辑真值表!C6<>"",IF(组合逻辑真值表!C6=1,组合逻辑真值表!C$2&"&",IF(组合逻辑真值表!C6=0,"~"&组合逻辑真值表!C$2&"&","")),"") -> ~OP3& | D5: =IF(组合逻辑真值表!D6<>"",IF(组合逻辑真值表!D6=1,组合逻辑真值表!D$2&"&",IF(组合逻辑真值表!D6=0,"~"&组合逻辑真值表!D$2&"&","")),"") -> OP2& | E5: =IF(组合逻辑真值表!E6<>"",IF(组合逻辑真值表!E6=1,组合逻辑真值表!E$2&"&",IF(组合逻辑真值表!E6=0,"~"&组合逻辑真值表!E$2&"&","")),"") -> ~OP1& | F5: =IF(组合逻辑真值表!F6<>"",IF(组合逻辑真值表!F6=1,组合逻辑真值表!F$2&"&",IF(组合逻辑真值表!F6=0,"~"&组合逻辑真值表!F$2&"&","")),"") -> ~OP0& | G5: =IF(组合逻辑真值表!G6<>"",IF(组合逻辑真值表!G6=1,组合逻辑真值表!G$2&"&",IF(组合逻辑真值表!G6=0,"~"&组合逻辑真值表!G$2&"&","")),"") | H5: =IF(组合逻辑真值表!H6<>"",IF(组合逻辑真值表!H6=1,组合逻辑真值表!H$2&"&",IF(组合逻辑真值表!H6=0,"~"&组合逻辑真值表!H$2&"&","")),"") | ... L5: =IF(组合逻辑真值表!L6<>"",IF(组合逻辑真值表!L6=1,组合逻辑真值表!L$2&"&",IF(组合逻辑真值表!L6=0,"~"&组合逻辑真值表!L$2&"&","")),"") | M5: =IF(LEN(CONCATENATE(A5,B5,C5,D5,E5,F5,G5,H5,I5,J5,K5,L5))=0,"",LEFT(CONCATENATE(A5,B5,C5,D5,E5,F5,G5,H5,I5,J5,K5,L5),LEN(CONCATENATE(A5,B5,C5,D5,E5,F5,G5,H5,I5,J5,K5,L5))-1)) -> ~OP5&~OP4&~OP3&OP2&~OP1&~OP0 | N5: =IF(组合逻辑真值表!M6=1,$M5&"+","") | O5: =IF(组合逻辑真值表!N6=1,$M5&"+","") | P5: =IF(组合逻辑真值表!O6=1,$M5&"+","") | Q5: =IF(组合逻辑真值表!P6=1,$M5&"+","") | R5: =IF(组合逻辑真值表!Q6=1,$M5&"+","") | S5: =IF(组合逻辑真值表!R6=1,$M5&"+","") | T5: =IF(组合逻辑真值表!S6=1,$M5&"+","") | U5: =IF(组合逻辑真值表!T6=1,$M5&"+","") | ... Y5: =IF(组合逻辑真值表!X6=1,$M5&"+","")
A6: =IF(组合逻辑真值表!A7<>"",IF(组合逻辑真值表!A7=1,组合逻辑真值表!A$2&"&",IF(组合逻辑真值表!A7=0,"~"&组合逻辑真值表!A$2&"&","")),"") -> ~OP5& | B6: =IF(组合逻辑真值表!B7<>"",IF(组合逻辑真值表!B7=1,组合逻辑真值表!B$2&"&",IF(组合逻辑真值表!B7=0,"~"&组合逻辑真值表!B$2&"&","")),"") -> ~OP4& | C6: =IF(组合逻辑真值表!C7<>"",IF(组合逻辑真值表!C7=1,组合逻辑真值表!C$2&"&",IF(组合逻辑真值表!C7=0,"~"&组合逻辑真值表!C$2&"&","")),"") -> ~OP3& | D6: =IF(组合逻辑真值表!D7<>"",IF(组合逻辑真值表!D7=1,组合逻辑真值表!D$2&"&",IF(组合逻辑真值表!D7=0,"~"&组合逻辑真值表!D$2&"&","")),"") -> OP2& | E6: =IF(组合逻辑真值表!E7<>"",IF(组合逻辑真值表!E7=1,组合逻辑真值表!E$2&"&",IF(组合逻辑真值表!E7=0,"~"&组合逻辑真值表!E$2&"&","")),"") -> ~OP1& | F6: =IF(组合逻辑真值表!F7<>"",IF(组合逻辑真值表!F7=1,组合逻辑真值表!F$2&"&",IF(组合逻辑真值表!F7=0,"~"&组合逻辑真值表!F$2&"&","")),"") -> OP0& | G6: =IF(组合逻辑真值表!G7<>"",IF(组合逻辑真值表!G7=1,组合逻辑真值表!G$2&"&",IF(组合逻辑真值表!G7=0,"~"&组合逻辑真值表!G$2&"&","")),"") | H6: =IF(组合逻辑真值表!H7<>"",IF(组合逻辑真值表!H7=1,组合逻辑真值表!H$2&"&",IF(组合逻辑真值表!H7=0,"~"&组合逻辑真值表!H$2&"&","")),"") | ... L6: =IF(组合逻辑真值表!L7<>"",IF(组合逻辑真值表!L7=1,组合逻辑真值表!L$2&"&",IF(组合逻辑真值表!L7=0,"~"&组合逻辑真值表!L$2&"&","")),"") | M6: =IF(LEN(CONCATENATE(A6,B6,C6,D6,E6,F6,G6,H6,I6,J6,K6,L6))=0,"",LEFT(CONCATENATE(A6,B6,C6,D6,E6,F6,G6,H6,I6,J6,K6,L6),LEN(CONCATENATE(A6,B6,C6,D6,E6,F6,G6,H6,I6,J6,K6,L6))-1)) -> ~OP5&~OP4&~OP3&OP2&~OP1&OP0 | N6: =IF(组合逻辑真值表!M7=1,$M6&"+","") | O6: =IF(组合逻辑真值表!N7=1,$M6&"+","") | P6: =IF(组合逻辑真值表!O7=1,$M6&"+","") | Q6: =IF(组合逻辑真值表!P7=1,$M6&"+","") | R6: =IF(组合逻辑真值表!Q7=1,$M6&"+","") | S6: =IF(组合逻辑真值表!R7=1,$M6&"+","") | T6: =IF(组合逻辑真值表!S7=1,$M6&"+","") | U6: =IF(组合逻辑真值表!T7=1,$M6&"+","") | ... Y6: =IF(组合逻辑真值表!X7=1,$M6&"+","")
A7: =IF(组合逻辑真值表!A8<>"",IF(组合逻辑真值表!A8=1,组合逻辑真值表!A$2&"&",IF(组合逻辑真值表!A8=0,"~"&组合逻辑真值表!A$2&"&","")),"") -> OP5& | B7: =IF(组合逻辑真值表!B8<>"",IF(组合逻辑真值表!B8=1,组合逻辑真值表!B$2&"&",IF(组合逻辑真值表!B8=0,"~"&组合逻辑真值表!B$2&"&","")),"") -> ~OP4& | C7: =IF(组合逻辑真值表!C8<>"",IF(组合逻辑真值表!C8=1,组合逻辑真值表!C$2&"&",IF(组合逻辑真值表!C8=0,"~"&组合逻辑真值表!C$2&"&","")),"") -> ~OP3& | D7: =IF(组合逻辑真值表!D8<>"",IF(组合逻辑真值表!D8=1,组合逻辑真值表!D$2&"&",IF(组合逻辑真值表!D8=0,"~"&组合逻辑真值表!D$2&"&","")),"") -> ~OP2& | E7: =IF(组合逻辑真值表!E8<>"",IF(组合逻辑真值表!E8=1,组合逻辑真值表!E$2&"&",IF(组合逻辑真值表!E8=0,"~"&组合逻辑真值表!E$2&"&","")),"") -> OP1& | F7: =IF(组合逻辑真值表!F8<>"",IF(组合逻辑真值表!F8=1,组合逻辑真值表!F$2&"&",IF(组合逻辑真值表!F8=0,"~"&组合逻辑真值表!F$2&"&","")),"") -> OP0& | G7: =IF(组合逻辑真值表!G8<>"",IF(组合逻辑真值表!G8=1,组合逻辑真值表!G$2&"&",IF(组合逻辑真值表!G8=0,"~"&组合逻辑真值表!G$2&"&","")),"") | H7: =IF(组合逻辑真值表!H8<>"",IF(组合逻辑真值表!H8=1,组合逻辑真值表!H$2&"&",IF(组合逻辑真值表!H8=0,"~"&组合逻辑真值表!H$2&"&","")),"") | ... L7: =IF(组合逻辑真值表!L8<>"",IF(组合逻辑真值表!L8=1,组合逻辑真值表!L$2&"&",IF(组合逻辑真值表!L8=0,"~"&组合逻辑真值表!L$2&"&","")),"") | M7: =IF(LEN(CONCATENATE(A7,B7,C7,D7,E7,F7,G7,H7,I7,J7,K7,L7))=0,"",LEFT(CONCATENATE(A7,B7,C7,D7,E7,F7,G7,H7,I7,J7,K7,L7),LEN(CONCATENATE(A7,B7,C7,D7,E7,F7,G7,H7,I7,J7,K7,L7))-1)) -> OP5&~OP4&~OP3&~OP2&OP1&OP0 | N7: =IF(组合逻辑真值表!M8=1,$M7&"+","") | O7: =IF(组合逻辑真值表!N8=1,$M7&"+","") | P7: =IF(组合逻辑真值表!O8=1,$M7&"+","") | Q7: =IF(组合逻辑真值表!P8=1,$M7&"+","") | R7: =IF(组合逻辑真值表!Q8=1,$M7&"+","") | S7: =IF(组合逻辑真值表!R8=1,$M7&"+","") | T7: =IF(组合逻辑真值表!S8=1,$M7&"+","") | U7: =IF(组合逻辑真值表!T8=1,$M7&"+","") | ... Y7: =IF(组合逻辑真值表!X8=1,$M7&"+","")
A8: =IF(组合逻辑真值表!A9<>"",IF(组合逻辑真值表!A9=1,组合逻辑真值表!A$2&"&",IF(组合逻辑真值表!A9=0,"~"&组合逻辑真值表!A$2&"&","")),"") -> OP5& | B8: =IF(组合逻辑真值表!B9<>"",IF(组合逻辑真值表!B9=1,组合逻辑真值表!B$2&"&",IF(组合逻辑真值表!B9=0,"~"&组合逻辑真值表!B$2&"&","")),"") -> ~OP4& | C8: =IF(组合逻辑真值表!C9<>"",IF(组合逻辑真值表!C9=1,组合逻辑真值表!C$2&"&",IF(组合逻辑真值表!C9=0,"~"&组合逻辑真值表!C$2&"&","")),"") -> OP3& | D8: =IF(组合逻辑真值表!D9<>"",IF(组合逻辑真值表!D9=1,组合逻辑真值表!D$2&"&",IF(组合逻辑真值表!D9=0,"~"&组合逻辑真值表!D$2&"&","")),"") -> ~OP2& | E8: =IF(组合逻辑真值表!E9<>"",IF(组合逻辑真值表!E9=1,组合逻辑真值表!E$2&"&",IF(组合逻辑真值表!E9=0,"~"&组合逻辑真值表!E$2&"&","")),"") -> OP1& | F8: =IF(组合逻辑真值表!F9<>"",IF(组合逻辑真值表!F9=1,组合逻辑真值表!F$2&"&",IF(组合逻辑真值表!F9=0,"~"&组合逻辑真值表!F$2&"&","")),"") -> OP0& | G8: =IF(组合逻辑真值表!G9<>"",IF(组合逻辑真值表!G9=1,组合逻辑真值表!G$2&"&",IF(组合逻辑真值表!G9=0,"~"&组合逻辑真值表!G$2&"&","")),"") | H8: =IF(组合逻辑真值表!H9<>"",IF(组合逻辑真值表!H9=1,组合逻辑真值表!H$2&"&",IF(组合逻辑真值表!H9=0,"~"&组合逻辑真值表!H$2&"&","")),"") | ... L8: =IF(组合逻辑真值表!L9<>"",IF(组合逻辑真值表!L9=1,组合逻辑真值表!L$2&"&",IF(组合逻辑真值表!L9=0,"~"&组合逻辑真值表!L$2&"&","")),"") | M8: =IF(LEN(CONCATENATE(A8,B8,C8,D8,E8,F8,G8,H8,I8,J8,K8,L8))=0,"",LEFT(CONCATENATE(A8,B8,C8,D8,E8,F8,G8,H8,I8,J8,K8,L8),LEN(CONCATENATE(A8,B8,C8,D8,E8,F8,G8,H8,I8,J8,K8,L8))-1)) -> OP5&~OP4&OP3&~OP2&OP1&OP0 | N8: =IF(组合逻辑真值表!M9=1,$M8&"+","") | O8: =IF(组合逻辑真值表!N9=1,$M8&"+","") | P8: =IF(组合逻辑真值表!O9=1,$M8&"+","") | Q8: =IF(组合逻辑真值表!P9=1,$M8&"+","") | R8: =IF(组合逻辑真值表!Q9=1,$M8&"+","") | S8: =IF(组合逻辑真值表!R9=1,$M8&"+","") | T8: =IF(组合逻辑真值表!S9=1,$M8&"+","") | U8: =IF(组合逻辑真值表!T9=1,$M8&"+","") | ... Y8: =IF(组合逻辑真值表!X9=1,$M8&"+","")
A9: =IF(组合逻辑真值表!A10<>"",IF(组合逻辑真值表!A10=1,组合逻辑真值表!A$2&"&",IF(组合逻辑真值表!A10=0,"~"&组合逻辑真值表!A$2&"&","")),"") -> ~OP5& | B9: =IF(组合逻辑真值表!B10<>"",IF(组合逻辑真值表!B10=1,组合逻辑真值表!B$2&"&",IF(组合逻辑真值表!B10=0,"~"&组合逻辑真值表!B$2&"&","")),"") -> ~OP4& | C9: =IF(组合逻辑真值表!C10<>"",IF(组合逻辑真值表!C10=1,组合逻辑真值表!C$2&"&",IF(组合逻辑真值表!C10=0,"~"&组合逻辑真值表!C$2&"&","")),"") -> ~OP3& | D9: =IF(组合逻辑真值表!D10<>"",IF(组合逻辑真值表!D10=1,组合逻辑真值表!D$2&"&",IF(组合逻辑真值表!D10=0,"~"&组合逻辑真值表!D$2&"&","")),"") -> ~OP2& | E9: =IF(组合逻辑真值表!E10<>"",IF(组合逻辑真值表!E10=1,组合逻辑真值表!E$2&"&",IF(组合逻辑真值表!E10=0,"~"&组合逻辑真值表!E$2&"&","")),"") -> ~OP1& | F9: =IF(组合逻辑真值表!F10<>"",IF(组合逻辑真值表!F10=1,组合逻辑真值表!F$2&"&",IF(组合逻辑真值表!F10=0,"~"&组合逻辑真值表!F$2&"&","")),"") -> ~OP0& | G9: =IF(组合逻辑真值表!G10<>"",IF(组合逻辑真值表!G10=1,组合逻辑真值表!G$2&"&",IF(组合逻辑真值表!G10=0,"~"&组合逻辑真值表!G$2&"&","")),"") -> ~F5& | H9: =IF(组合逻辑真值表!H10<>"",IF(组合逻辑真值表!H10=1,组合逻辑真值表!H$2&"&",IF(组合逻辑真值表!H10=0,"~"&组合逻辑真值表!H$2&"&","")),"") -> ~F4& | ... L9: =IF(组合逻辑真值表!L10<>"",IF(组合逻辑真值表!L10=1,组合逻辑真值表!L$2&"&",IF(组合逻辑真值表!L10=0,"~"&组合逻辑真值表!L$2&"&","")),"") -> ~F0& | M9: =IF(LEN(CONCATENATE(A9,B9,C9,D9,E9,F9,G9,H9,I9,J9,K9,L9))=0,"",LEFT(CONCATENATE(A9,B9,C9,D9,E9,F9,G9,H9,I9,J9,K9,L9),LEN(CONCATENATE(A9,B9,C9,D9,E9,F9,G9,H9,I9,J9,K9,L9))-1)) -> ~OP5&~OP4&~OP3&~OP2&~OP1&~OP0&~F5&~F4&F3&F2&~F1&~F0 | N9: =IF(组合逻辑真值表!M10=1,$M9&"+","") | O9: =IF(组合逻辑真值表!N10=1,$M9&"+","") | P9: =IF(组合逻辑真值表!O10=1,$M9&"+","") | Q9: =IF(组合逻辑真值表!P10=1,$M9&"+","") | R9: =IF(组合逻辑真值表!Q10=1,$M9&"+","") | S9: =IF(组合逻辑真值表!R10=1,$M9&"+","") | T9: =IF(组合逻辑真值表!S10=1,$M9&"+","") | U9: =IF(组合逻辑真值表!T10=1,$M9&"+","") | ... Y9: =IF(组合逻辑真值表!X10=1,$M9&"+","")
A10: =IF(组合逻辑真值表!A11<>"",IF(组合逻辑真值表!A11=1,组合逻辑真值表!A$2&"&",IF(组合逻辑真值表!A11=0,"~"&组合逻辑真值表!A$2&"&","")),"") -> ~OP5& | B10: =IF(组合逻辑真值表!B11<>"",IF(组合逻辑真值表!B11=1,组合逻辑真值表!B$2&"&",IF(组合逻辑真值表!B11=0,"~"&组合逻辑真值表!B$2&"&","")),"") -> ~OP4& | C10: =IF(组合逻辑真值表!C11<>"",IF(组合逻辑真值表!C11=1,组合逻辑真值表!C$2&"&",IF(组合逻辑真值表!C11=0,"~"&组合逻辑真值表!C$2&"&","")),"") -> ~OP3& | D10: =IF(组合逻辑真值表!D11<>"",IF(组合逻辑真值表!D11=1,组合逻辑真值表!D$2&"&",IF(组合逻辑真值表!D11=0,"~"&组合逻辑真值表!D$2&"&","")),"") -> ~OP2& | E10: =IF(组合逻辑真值表!E11<>"",IF(组合逻辑真值表!E11=1,组合逻辑真值表!E$2&"&",IF(组合逻辑真值表!E11=0,"~"&组合逻辑真值表!E$2&"&","")),"") -> OP1& | F10: =IF(组合逻辑真值表!F11<>"",IF(组合逻辑真值表!F11=1,组合逻辑真值表!F$2&"&",IF(组合逻辑真值表!F11=0,"~"&组合逻辑真值表!F$2&"&","")),"") -> ~OP0& | G10: =IF(组合逻辑真值表!G11<>"",IF(组合逻辑真值表!G11=1,组合逻辑真值表!G$2&"&",IF(组合逻辑真值表!G11=0,"~"&组合逻辑真值表!G$2&"&","")),"") | H10: =IF(组合逻辑真值表!H11<>"",IF(组合逻辑真值表!H11=1,组合逻辑真值表!H$2&"&",IF(组合逻辑真值表!H11=0,"~"&组合逻辑真值表!H$2&"&","")),"") | ... L10: =IF(组合逻辑真值表!L11<>"",IF(组合逻辑真值表!L11=1,组合逻辑真值表!L$2&"&",IF(组合逻辑真值表!L11=0,"~"&组合逻辑真值表!L$2&"&","")),"") | M10: =IF(LEN(CONCATENATE(A10,B10,C10,D10,E10,F10,G10,H10,I10,J10,K10,L10))=0,"",LEFT(CONCATENATE(A10,B10,C10,D10,E10,F10,G10,H10,I10,J10,K10,L10),LEN(CONCATENATE(A10,B10,C10,D10,E10,F10,G10,H10,I10,J10,K10,L10))-1)) -> ~OP5&~OP4&~OP3&~OP2&OP1&~OP0 | N10: =IF(组合逻辑真值表!M11=1,$M10&"+","") | O10: =IF(组合逻辑真值表!N11=1,$M10&"+","") -> ~OP5&~OP4&~OP3&~OP2&OP1&~OP0+ | P10: =IF(组合逻辑真值表!O11=1,$M10&"+","") | Q10: =IF(组合逻辑真值表!P11=1,$M10&"+","") | R10: =IF(组合逻辑真值表!Q11=1,$M10&"+","") | S10: =IF(组合逻辑真值表!R11=1,$M10&"+","") | T10: =IF(组合逻辑真值表!S11=1,$M10&"+","") | U10: =IF(组合逻辑真值表!T11=1,$M10&"+","") | ... Y10: =IF(组合逻辑真值表!X11=1,$M10&"+","")
A11: =IF(组合逻辑真值表!A12<>"",IF(组合逻辑真值表!A12=1,组合逻辑真值表!A$2&"&",IF(组合逻辑真值表!A12=0,"~"&组合逻辑真值表!A$2&"&","")),"") -> ~OP5& | B11: =IF(组合逻辑真值表!B12<>"",IF(组合逻辑真值表!B12=1,组合逻辑真值表!B$2&"&",IF(组合逻辑真值表!B12=0,"~"&组合逻辑真值表!B$2&"&","")),"") -> ~OP4& | C11: =IF(组合逻辑真值表!C12<>"",IF(组合逻辑真值表!C12=1,组合逻辑真值表!C$2&"&",IF(组合逻辑真值表!C12=0,"~"&组合逻辑真值表!C$2&"&","")),"") -> OP3& | D11: =IF(组合逻辑真值表!D12<>"",IF(组合逻辑真值表!D12=1,组合逻辑真值表!D$2&"&",IF(组合逻辑真值表!D12=0,"~"&组合逻辑真值表!D$2&"&","")),"") -> OP2& | E11: =IF(组合逻辑真值表!E12<>"",IF(组合逻辑真值表!E12=1,组合逻辑真值表!E$2&"&",IF(组合逻辑真值表!E12=0,"~"&组合逻辑真值表!E$2&"&","")),"") -> ~OP1& | F11: =IF(组合逻辑真值表!F12<>"",IF(组合逻辑真值表!F12=1,组合逻辑真值表!F$2&"&",IF(组合逻辑真值表!F12=0,"~"&组合逻辑真值表!F$2&"&","")),"") -> ~OP0& | G11: =IF(组合逻辑真值表!G12<>"",IF(组合逻辑真值表!G12=1,组合逻辑真值表!G$2&"&",IF(组合逻辑真值表!G12=0,"~"&组合逻辑真值表!G$2&"&","")),"") | H11: =IF(组合逻辑真值表!H12<>"",IF(组合逻辑真值表!H12=1,组合逻辑真值表!H$2&"&",IF(组合逻辑真值表!H12=0,"~"&组合逻辑真值表!H$2&"&","")),"") | ... L11: =IF(组合逻辑真值表!L12<>"",IF(组合逻辑真值表!L12=1,组合逻辑真值表!L$2&"&",IF(组合逻辑真值表!L12=0,"~"&组合逻辑真值表!L$2&"&","")),"") | M11: =IF(LEN(CONCATENATE(A11,B11,C11,D11,E11,F11,G11,H11,I11,J11,K11,L11))=0,"",LEFT(CONCATENATE(A11,B11,C11,D11,E11,F11,G11,H11,I11,J11,K11,L11),LEN(CONCATENATE(A11,B11,C11,D11,E11,F11,G11,H11,I11,J11,K11,L11))-1)) -> ~OP5&~OP4&OP3&OP2&~OP1&~OP0 | N11: =IF(组合逻辑真值表!M12=1,$M11&"+","") -> ~OP5&~OP4&OP3&OP2&~OP1&~OP0+ | O11: =IF(组合逻辑真值表!N12=1,$M11&"+","") | P11: =IF(组合逻辑真值表!O12=1,$M11&"+","") | Q11: =IF(组合逻辑真值表!P12=1,$M11&"+","") | R11: =IF(组合逻辑真值表!Q12=1,$M11&"+","") | S11: =IF(组合逻辑真值表!R12=1,$M11&"+","") | T11: =IF(组合逻辑真值表!S12=1,$M11&"+","") | U11: =IF(组合逻辑真值表!T12=1,$M11&"+","") | ... Y11: =IF(组合逻辑真值表!X12=1,$M11&"+","")
A12: =IF(组合逻辑真值表!A13<>"",IF(组合逻辑真值表!A13=1,组合逻辑真值表!A$2&"&",IF(组合逻辑真值表!A13=0,"~"&组合逻辑真值表!A$2&"&","")),"") -> ~OP5& | B12: =IF(组合逻辑真值表!B13<>"",IF(组合逻辑真值表!B13=1,组合逻辑真值表!B$2&"&",IF(组合逻辑真值表!B13=0,"~"&组合逻辑真值表!B$2&"&","")),"") -> ~OP4& | C12: =IF(组合逻辑真值表!C13<>"",IF(组合逻辑真值表!C13=1,组合逻辑真值表!C$2&"&",IF(组合逻辑真值表!C13=0,"~"&组合逻辑真值表!C$2&"&","")),"") -> ~OP3& | D12: =IF(组合逻辑真值表!D13<>"",IF(组合逻辑真值表!D13=1,组合逻辑真值表!D$2&"&",IF(组合逻辑真值表!D13=0,"~"&组合逻辑真值表!D$2&"&","")),"") -> ~OP2& | E12: =IF(组合逻辑真值表!E13<>"",IF(组合逻辑真值表!E13=1,组合逻辑真值表!E$2&"&",IF(组合逻辑真值表!E13=0,"~"&组合逻辑真值表!E$2&"&","")),"") -> ~OP1& | F12: =IF(组合逻辑真值表!F13<>"",IF(组合逻辑真值表!F13=1,组合逻辑真值表!F$2&"&",IF(组合逻辑真值表!F13=0,"~"&组合逻辑真值表!F$2&"&","")),"") -> ~OP0& | G12: =IF(组合逻辑真值表!G13<>"",IF(组合逻辑真值表!G13=1,组合逻辑真值表!G$2&"&",IF(组合逻辑真值表!G13=0,"~"&组合逻辑真值表!G$2&"&","")),"") -> F5& | H12: =IF(组合逻辑真值表!H13<>"",IF(组合逻辑真值表!H13=1,组合逻辑真值表!H$2&"&",IF(组合逻辑真值表!H13=0,"~"&组合逻辑真值表!H$2&"&","")),"") -> ~F4& | ... L12: =IF(组合逻辑真值表!L13<>"",IF(组合逻辑真值表!L13=1,组合逻辑真值表!L$2&"&",IF(组合逻辑真值表!L13=0,"~"&组合逻辑真值表!L$2&"&","")),"") -> ~F0& | M12: =IF(LEN(CONCATENATE(A12,B12,C12,D12,E12,F12,G12,H12,I12,J12,K12,L12))=0,"",LEFT(CONCATENATE(A12,B12,C12,D12,E12,F12,G12,H12,I12,J12,K12,L12),LEN(CONCATENATE(A12,B12,C12,D12,E12,F12,G12,H12,I12,J12,K12,L12))-1)) -> ~OP5&~OP4&~OP3&~OP2&~OP1&~OP0&F5&~F4&~F3&F2&~F1&~F0 | N12: =IF(组合逻辑真值表!M13=1,$M12&"+","") | O12: =IF(组合逻辑真值表!N13=1,$M12&"+","") | P12: =IF(组合逻辑真值表!O13=1,$M12&"+","") | Q12: =IF(组合逻辑真值表!P13=1,$M12&"+","") | R12: =IF(组合逻辑真值表!Q13=1,$M12&"+","") | S12: =IF(组合逻辑真值表!R13=1,$M12&"+","") | T12: =IF(组合逻辑真值表!S13=1,$M12&"+","") | U12: =IF(组合逻辑真值表!T13=1,$M12&"+","") | ... Y12: =IF(组合逻辑真值表!X13=1,$M12&"+","")
A13: =IF(组合逻辑真值表!A14<>"",IF(组合逻辑真值表!A14=1,组合逻辑真值表!A$2&"&",IF(组合逻辑真值表!A14=0,"~"&组合逻辑真值表!A$2&"&","")),"") | B13: =IF(组合逻辑真值表!B14<>"",IF(组合逻辑真值表!B14=1,组合逻辑真值表!B$2&"&",IF(组合逻辑真值表!B14=0,"~"&组合逻辑真值表!B$2&"&","")),"") | C13: =IF(组合逻辑真值表!C14<>"",IF(组合逻辑真值表!C14=1,组合逻辑真值表!C$2&"&",IF(组合逻辑真值表!C14=0,"~"&组合逻辑真值表!C$2&"&","")),"") | D13: =IF(组合逻辑真值表!D14<>"",IF(组合逻辑真值表!D14=1,组合逻辑真值表!D$2&"&",IF(组合逻辑真值表!D14=0,"~"&组合逻辑真值表!D$2&"&","")),"") | E13: =IF(组合逻辑真值表!E14<>"",IF(组合逻辑真值表!E14=1,组合逻辑真值表!E$2&"&",IF(组合逻辑真值表!E14=0,"~"&组合逻辑真值表!E$2&"&","")),"") | F13: =IF(组合逻辑真值表!F14<>"",IF(组合逻辑真值表!F14=1,组合逻辑真值表!F$2&"&",IF(组合逻辑真值表!F14=0,"~"&组合逻辑真值表!F$2&"&","")),"") | G13: =IF(组合逻辑真值表!G14<>"",IF(组合逻辑真值表!G14=1,组合逻辑真值表!G$2&"&",IF(组合逻辑真值表!G14=0,"~"&组合逻辑真值表!G$2&"&","")),"") | H13: =IF(组合逻辑真值表!H14<>"",IF(组合逻辑真值表!H14=1,组合逻辑真值表!H$2&"&",IF(组合逻辑真值表!H14=0,"~"&组合逻辑真值表!H$2&"&","")),"") | ... L13: =IF(组合逻辑真值表!L14<>"",IF(组合逻辑真值表!L14=1,组合逻辑真值表!L$2&"&",IF(组合逻辑真值表!L14=0,"~"&组合逻辑真值表!L$2&"&","")),"") | M13: =IF(LEN(CONCATENATE(A13,B13,C13,D13,E13,F13,G13,H13,I13,J13,K13,L13))=0,"",LEFT(CONCATENATE(A13,B13,C13,D13,E13,F13,G13,H13,I13,J13,K13,L13),LEN(CONCATENATE(A13,B13,C13,D13,E13,F13,G13,H13,I13,J13,K13,L13))-1)) | N13: =IF(组合逻辑真值表!M14=1,$M13&"+","") | O13: =IF(组合逻辑真值表!N14=1,$M13&"+","") | P13: =IF(组合逻辑真值表!O14=1,$M13&"+","") | Q13: =IF(组合逻辑真值表!P14=1,$M13&"+","") | R13: =IF(组合逻辑真值表!Q14=1,$M13&"+","") | S13: =IF(组合逻辑真值表!R14=1,$M13&"+","") | T13: =IF(组合逻辑真值表!S14=1,$M13&"+","") | U13: =IF(组合逻辑真值表!T14=1,$M13&"+","") | ... Y13: =IF(组合逻辑真值表!X14=1,$M13&"+","")
... A19: =IF(组合逻辑真值表!A20<>"",IF(组合逻辑真值表!A20=1,组合逻辑真值表!A$2&"&",IF(组合逻辑真值表!A20=0,"~"&组合逻辑真值表!A$2&"&","")),"") | B19: =IF(组合逻辑真值表!B20<>"",IF(组合逻辑真值表!B20=1,组合逻辑真值表!B$2&"&",IF(组合逻辑真值表!B20=0,"~"&组合逻辑真值表!B$2&"&","")),"") | C19: =IF(组合逻辑真值表!C20<>"",IF(组合逻辑真值表!C20=1,组合逻辑真值表!C$2&"&",IF(组合逻辑真值表!C20=0,"~"&组合逻辑真值表!C$2&"&","")),"") | D19: =IF(组合逻辑真值表!D20<>"",IF(组合逻辑真值表!D20=1,组合逻辑真值表!D$2&"&",IF(组合逻辑真值表!D20=0,"~"&组合逻辑真值表!D$2&"&","")),"") | E19: =IF(组合逻辑真值表!E20<>"",IF(组合逻辑真值表!E20=1,组合逻辑真值表!E$2&"&",IF(组合逻辑真值表!E20=0,"~"&组合逻辑真值表!E$2&"&","")),"") | F19: =IF(组合逻辑真值表!F20<>"",IF(组合逻辑真值表!F20=1,组合逻辑真值表!F$2&"&",IF(组合逻辑真值表!F20=0,"~"&组合逻辑真值表!F$2&"&","")),"") | G19: =IF(组合逻辑真值表!G20<>"",IF(组合逻辑真值表!G20=1,组合逻辑真值表!G$2&"&",IF(组合逻辑真值表!G20=0,"~"&组合逻辑真值表!G$2&"&","")),"") | H19: =IF(组合逻辑真值表!H20<>"",IF(组合逻辑真值表!H20=1,组合逻辑真值表!H$2&"&",IF(组合逻辑真值表!H20=0,"~"&组合逻辑真值表!H$2&"&","")),"") | ... L19: =IF(组合逻辑真值表!L20<>"",IF(组合逻辑真值表!L20=1,组合逻辑真值表!L$2&"&",IF(组合逻辑真值表!L20=0,"~"&组合逻辑真值表!L$2&"&","")),"") | M19: =IF(LEN(CONCATENATE(A19,B19,C19,D19,E19,F19,G19,H19,I19,J19,K19,L19))=0,"",LEFT(CONCATENATE(A19,B19,C19,D19,E19,F19,G19,H19,I19,J19,K19,L19),LEN(CONCATENATE(A19,B19,C19,D19,E19,F19,G19,H19,I19,J19,K19,L19))-1)) | N19: =IF(组合逻辑真值表!M20=1,$M19&"+","") | O19: =IF(组合逻辑真值表!N20=1,$M19&"+","") | P19: =IF(组合逻辑真值表!O20=1,$M19&"+","") | Q19: =IF(组合逻辑真值表!P20=1,$M19&"+","") | R19: =IF(组合逻辑真值表!Q20=1,$M19&"+","") | S19: =IF(组合逻辑真值表!R20=1,$M19&"+","") | T19: =IF(组合逻辑真值表!S20=1,$M19&"+","") | U19: =IF(组合逻辑真值表!T20=1,$M19&"+","") | ... Y19: =IF(组合逻辑真值表!X20=1,$M19&"+","")
A20: =IF(组合逻辑真值表!A21<>"",IF(组合逻辑真值表!A21=1,组合逻辑真值表!A$2&"&",IF(组合逻辑真值表!A21=0,"~"&组合逻辑真值表!A$2&"&","")),"") | B20: =IF(组合逻辑真值表!B21<>"",IF(组合逻辑真值表!B21=1,组合逻辑真值表!B$2&"&",IF(组合逻辑真值表!B21=0,"~"&组合逻辑真值表!B$2&"&","")),"") | C20: =IF(组合逻辑真值表!C21<>"",IF(组合逻辑真值表!C21=1,组合逻辑真值表!C$2&"&",IF(组合逻辑真值表!C21=0,"~"&组合逻辑真值表!C$2&"&","")),"") | D20: =IF(组合逻辑真值表!D21<>"",IF(组合逻辑真值表!D21=1,组合逻辑真值表!D$2&"&",IF(组合逻辑真值表!D21=0,"~"&组合逻辑真值表!D$2&"&","")),"") | E20: =IF(组合逻辑真值表!E21<>"",IF(组合逻辑真值表!E21=1,组合逻辑真值表!E$2&"&",IF(组合逻辑真值表!E21=0,"~"&组合逻辑真值表!E$2&"&","")),"") | F20: =IF(组合逻辑真值表!F21<>"",IF(组合逻辑真值表!F21=1,组合逻辑真值表!F$2&"&",IF(组合逻辑真值表!F21=0,"~"&组合逻辑真值表!F$2&"&","")),"") | K20: =IF(组合逻辑真值表!K21<>"",IF(组合逻辑真值表!K21=1,组合逻辑真值表!K$2&"&",IF(组合逻辑真值表!K21=0,"~"&组合逻辑真值表!K$2&"&","")),"") | L20: =IF(组合逻辑真值表!L21<>"",IF(组合逻辑真值表!L21=1,组合逻辑真值表!L$2&"&",IF(组合逻辑真值表!L21=0,"~"&组合逻辑真值表!L$2&"&","")),"") | M20: =IF(LEN(CONCATENATE(A20,B20,C20,D20,E20,F20,K20,L20))=0,"",LEFT(CONCATENATE(A20,B20,C20,D20,E20,F20,K20,L20),LEN(CONCATENATE(A20,B20,C20,D20,E20,F20,K20,L20))-1)) | N20: =IF(组合逻辑真值表!M21=1,$M20&"+","") | O20: =IF(组合逻辑真值表!N21=1,$M20&"+","") | P20: =IF(组合逻辑真值表!O21=1,$M20&"+","") | Q20: =IF(组合逻辑真值表!P21=1,$M20&"+","") | R20: =IF(组合逻辑真值表!Q21=1,$M20&"+","") | S20: =IF(组合逻辑真值表!R21=1,$M20&"+","") | T20: =IF(组合逻辑真值表!S21=1,$M20&"+","") | U20: =IF(组合逻辑真值表!T21=1,$M20&"+","") | ... Y20: =IF(组合逻辑真值表!X21=1,$M20&"+","")
A21: =IF(组合逻辑真值表!A22<>"",IF(组合逻辑真值表!A22=1,组合逻辑真值表!A$2&"&",IF(组合逻辑真值表!A22=0,"~"&组合逻辑真值表!A$2&"&","")),"") | B21: =IF(组合逻辑真值表!B22<>"",IF(组合逻辑真值表!B22=1,组合逻辑真值表!B$2&"&",IF(组合逻辑真值表!B22=0,"~"&组合逻辑真值表!B$2&"&","")),"") | C21: =IF(组合逻辑真值表!C22<>"",IF(组合逻辑真值表!C22=1,组合逻辑真值表!C$2&"&",IF(组合逻辑真值表!C22=0,"~"&组合逻辑真值表!C$2&"&","")),"") | D21: =IF(组合逻辑真值表!D22<>"",IF(组合逻辑真值表!D22=1,组合逻辑真值表!D$2&"&",IF(组合逻辑真值表!D22=0,"~"&组合逻辑真值表!D$2&"&","")),"") | E21: =IF(组合逻辑真值表!E22<>"",IF(组合逻辑真值表!E22=1,组合逻辑真值表!E$2&"&",IF(组合逻辑真值表!E22=0,"~"&组合逻辑真值表!E$2&"&","")),"") | F21: =IF(组合逻辑真值表!F22<>"",IF(组合逻辑真值表!F22=1,组合逻辑真值表!F$2&"&",IF(组合逻辑真值表!F22=0,"~"&组合逻辑真值表!F$2&"&","")),"") | K21: =IF(组合逻辑真值表!K22<>"",IF(组合逻辑真值表!K22=1,组合逻辑真值表!K$2&"&",IF(组合逻辑真值表!K22=0,"~"&组合逻辑真值表!K$2&"&","")),"") | L21: =IF(组合逻辑真值表!L22<>"",IF(组合逻辑真值表!L22=1,组合逻辑真值表!L$2&"&",IF(组合逻辑真值表!L22=0,"~"&组合逻辑真值表!L$2&"&","")),"") | M21: =IF(LEN(CONCATENATE(A21,B21,C21,D21,E21,F21,K21,L21))=0,"",LEFT(CONCATENATE(A21,B21,C21,D21,E21,F21,K21,L21),LEN(CONCATENATE(A21,B21,C21,D21,E21,F21,K21,L21))-1)) | N21: =IF(组合逻辑真值表!M22=1,$M21&"+","") | O21: =IF(组合逻辑真值表!N22=1,$M21&"+","") | P21: =IF(组合逻辑真值表!O22=1,$M21&"+","") | Q21: =IF(组合逻辑真值表!P22=1,$M21&"+","") | R21: =IF(组合逻辑真值表!Q22=1,$M21&"+","") | S21: =IF(组合逻辑真值表!R22=1,$M21&"+","") | T21: =IF(组合逻辑真值表!S22=1,$M21&"+","") | U21: =IF(组合逻辑真值表!T22=1,$M21&"+","") | ... Y21: =IF(组合逻辑真值表!X22=1,$M21&"+","")
A22: =IF(组合逻辑真值表!A23<>"",IF(组合逻辑真值表!A23=1,组合逻辑真值表!A$2&"&",IF(组合逻辑真值表!A23=0,"~"&组合逻辑真值表!A$2&"&","")),"") | B22: =IF(组合逻辑真值表!B23<>"",IF(组合逻辑真值表!B23=1,组合逻辑真值表!B$2&"&",IF(组合逻辑真值表!B23=0,"~"&组合逻辑真值表!B$2&"&","")),"") | C22: =IF(组合逻辑真值表!C23<>"",IF(组合逻辑真值表!C23=1,组合逻辑真值表!C$2&"&",IF(组合逻辑真值表!C23=0,"~"&组合逻辑真值表!C$2&"&","")),"") | D22: =IF(组合逻辑真值表!D23<>"",IF(组合逻辑真值表!D23=1,组合逻辑真值表!D$2&"&",IF(组合逻辑真值表!D23=0,"~"&组合逻辑真值表!D$2&"&","")),"") | E22: =IF(组合逻辑真值表!E23<>"",IF(组合逻辑真值表!E23=1,组合逻辑真值表!E$2&"&",IF(组合逻辑真值表!E23=0,"~"&组合逻辑真值表!E$2&"&","")),"") | F22: =IF(组合逻辑真值表!F23<>"",IF(组合逻辑真值表!F23=1,组合逻辑真值表!F$2&"&",IF(组合逻辑真值表!F23=0,"~"&组合逻辑真值表!F$2&"&","")),"") | K22: =IF(组合逻辑真值表!K23<>"",IF(组合逻辑真值表!K23=1,组合逻辑真值表!K$2&"&",IF(组合逻辑真值表!K23=0,"~"&组合逻辑真值表!K$2&"&","")),"") | L22: =IF(组合逻辑真值表!L23<>"",IF(组合逻辑真值表!L23=1,组合逻辑真值表!L$2&"&",IF(组合逻辑真值表!L23=0,"~"&组合逻辑真值表!L$2&"&","")),"") | M22: =IF(LEN(CONCATENATE(A22,B22,C22,D22,E22,F22,K22,L22))=0,"",LEFT(CONCATENATE(A22,B22,C22,D22,E22,F22,K22,L22),LEN(CONCATENATE(A22,B22,C22,D22,E22,F22,K22,L22))-1)) | N22: =IF(组合逻辑真值表!M23=1,$M22&"+","") | O22: =IF(组合逻辑真值表!N23=1,$M22&"+","") | P22: =IF(组合逻辑真值表!O23=1,$M22&"+","") | Q22: =IF(组合逻辑真值表!P23=1,$M22&"+","") | R22: =IF(组合逻辑真值表!Q23=1,$M22&"+","") | S22: =IF(组合逻辑真值表!R23=1,$M22&"+","") | T22: =IF(组合逻辑真值表!S23=1,$M22&"+","") | U22: =IF(组合逻辑真值表!T23=1,$M22&"+","") | ... Y22: =IF(组合逻辑真值表!X23=1,$M22&"+","")
A23: =IF(组合逻辑真值表!A24<>"",IF(组合逻辑真值表!A24=1,组合逻辑真值表!A$2&"&",IF(组合逻辑真值表!A24=0,"~"&组合逻辑真值表!A$2&"&","")),"") | B23: =IF(组合逻辑真值表!B24<>"",IF(组合逻辑真值表!B24=1,组合逻辑真值表!B$2&"&",IF(组合逻辑真值表!B24=0,"~"&组合逻辑真值表!B$2&"&","")),"") | C23: =IF(组合逻辑真值表!C24<>"",IF(组合逻辑真值表!C24=1,组合逻辑真值表!C$2&"&",IF(组合逻辑真值表!C24=0,"~"&组合逻辑真值表!C$2&"&","")),"") | D23: =IF(组合逻辑真值表!D24<>"",IF(组合逻辑真值表!D24=1,组合逻辑真值表!D$2&"&",IF(组合逻辑真值表!D24=0,"~"&组合逻辑真值表!D$2&"&","")),"") | E23: =IF(组合逻辑真值表!E24<>"",IF(组合逻辑真值表!E24=1,组合逻辑真值表!E$2&"&",IF(组合逻辑真值表!E24=0,"~"&组合逻辑真值表!E$2&"&","")),"") | F23: =IF(组合逻辑真值表!F24<>"",IF(组合逻辑真值表!F24=1,组合逻辑真值表!F$2&"&",IF(组合逻辑真值表!F24=0,"~"&组合逻辑真值表!F$2&"&","")),"") | K23: =IF(组合逻辑真值表!K24<>"",IF(组合逻辑真值表!K24=1,组合逻辑真值表!K$2&"&",IF(组合逻辑真值表!K24=0,"~"&组合逻辑真值表!K$2&"&","")),"") | L23: =IF(组合逻辑真值表!L24<>"",IF(组合逻辑真值表!L24=1,组合逻辑真值表!L$2&"&",IF(组合逻辑真值表!L24=0,"~"&组合逻辑真值表!L$2&"&","")),"") | M23: =IF(LEN(CONCATENATE(A23,B23,C23,D23,E23,F23,K23,L23))=0,"",LEFT(CONCATENATE(A23,B23,C23,D23,E23,F23,K23,L23),LEN(CONCATENATE(A23,B23,C23,D23,E23,F23,K23,L23))-1)) | N23: =IF(组合逻辑真值表!M24=1,$M23&"+","") | O23: =IF(组合逻辑真值表!N24=1,$M23&"+","") | P23: =IF(组合逻辑真值表!O24=1,$M23&"+","") | Q23: =IF(组合逻辑真值表!P24=1,$M23&"+","") | R23: =IF(组合逻辑真值表!Q24=1,$M23&"+","") | S23: =IF(组合逻辑真值表!R24=1,$M23&"+","") | T23: =IF(组合逻辑真值表!S24=1,$M23&"+","") | U23: =IF(组合逻辑真值表!T24=1,$M23&"+","") | ... Y23: =IF(组合逻辑真值表!X24=1,$M23&"+","")
A24: =IF(组合逻辑真值表!A25<>"",IF(组合逻辑真值表!A25=1,组合逻辑真值表!A$2&"&",IF(组合逻辑真值表!A25=0,"~"&组合逻辑真值表!A$2&"&","")),"") | B24: =IF(组合逻辑真值表!B25<>"",IF(组合逻辑真值表!B25=1,组合逻辑真值表!B$2&"&",IF(组合逻辑真值表!B25=0,"~"&组合逻辑真值表!B$2&"&","")),"") | C24: =IF(组合逻辑真值表!C25<>"",IF(组合逻辑真值表!C25=1,组合逻辑真值表!C$2&"&",IF(组合逻辑真值表!C25=0,"~"&组合逻辑真值表!C$2&"&","")),"") | D24: =IF(组合逻辑真值表!D25<>"",IF(组合逻辑真值表!D25=1,组合逻辑真值表!D$2&"&",IF(组合逻辑真值表!D25=0,"~"&组合逻辑真值表!D$2&"&","")),"") | E24: =IF(组合逻辑真值表!E25<>"",IF(组合逻辑真值表!E25=1,组合逻辑真值表!E$2&"&",IF(组合逻辑真值表!E25=0,"~"&组合逻辑真值表!E$2&"&","")),"") | F24: =IF(组合逻辑真值表!F25<>"",IF(组合逻辑真值表!F25=1,组合逻辑真值表!F$2&"&",IF(组合逻辑真值表!F25=0,"~"&组合逻辑真值表!F$2&"&","")),"") | K24: =IF(组合逻辑真值表!K25<>"",IF(组合逻辑真值表!K25=1,组合逻辑真值表!K$2&"&",IF(组合逻辑真值表!K25=0,"~"&组合逻辑真值表!K$2&"&","")),"") | L24: =IF(组合逻辑真值表!L25<>"",IF(组合逻辑真值表!L25=1,组合逻辑真值表!L$2&"&",IF(组合逻辑真值表!L25=0,"~"&组合逻辑真值表!L$2&"&","")),"") | M24: =IF(LEN(CONCATENATE(A24,B24,C24,D24,E24,F24,K24,L24))=0,"",LEFT(CONCATENATE(A24,B24,C24,D24,E24,F24,K24,L24),LEN(CONCATENATE(A24,B24,C24,D24,E24,F24,K24,L24))-1)) | N24: =IF(组合逻辑真值表!M25=1,$M24&"+","") | O24: =IF(组合逻辑真值表!N25=1,$M24&"+","") | P24: =IF(组合逻辑真值表!O25=1,$M24&"+","") | Q24: =IF(组合逻辑真值表!P25=1,$M24&"+","") | R24: =IF(组合逻辑真值表!Q25=1,$M24&"+","") | S24: =IF(组合逻辑真值表!R25=1,$M24&"+","") | T24: =IF(组合逻辑真值表!S25=1,$M24&"+","") | U24: =IF(组合逻辑真值表!T25=1,$M24&"+","") | ... Y24: =IF(组合逻辑真值表!X25=1,$M24&"+","")
A25: =IF(组合逻辑真值表!A26<>"",IF(组合逻辑真值表!A26=1,组合逻辑真值表!A$2&"&",IF(组合逻辑真值表!A26=0,"~"&组合逻辑真值表!A$2&"&","")),"") | B25: =IF(组合逻辑真值表!B26<>"",IF(组合逻辑真值表!B26=1,组合逻辑真值表!B$2&"&",IF(组合逻辑真值表!B26=0,"~"&组合逻辑真值表!B$2&"&","")),"") | C25: =IF(组合逻辑真值表!C26<>"",IF(组合逻辑真值表!C26=1,组合逻辑真值表!C$2&"&",IF(组合逻辑真值表!C26=0,"~"&组合逻辑真值表!C$2&"&","")),"") | D25: =IF(组合逻辑真值表!D26<>"",IF(组合逻辑真值表!D26=1,组合逻辑真值表!D$2&"&",IF(组合逻辑真值表!D26=0,"~"&组合逻辑真值表!D$2&"&","")),"") | E25: =IF(组合逻辑真值表!E26<>"",IF(组合逻辑真值表!E26=1,组合逻辑真值表!E$2&"&",IF(组合逻辑真值表!E26=0,"~"&组合逻辑真值表!E$2&"&","")),"") | F25: =IF(组合逻辑真值表!F26<>"",IF(组合逻辑真值表!F26=1,组合逻辑真值表!F$2&"&",IF(组合逻辑真值表!F26=0,"~"&组合逻辑真值表!F$2&"&","")),"") | K25: =IF(组合逻辑真值表!K26<>"",IF(组合逻辑真值表!K26=1,组合逻辑真值表!K$2&"&",IF(组合逻辑真值表!K26=0,"~"&组合逻辑真值表!K$2&"&","")),"") | L25: =IF(组合逻辑真值表!L26<>"",IF(组合逻辑真值表!L26=1,组合逻辑真值表!L$2&"&",IF(组合逻辑真值表!L26=0,"~"&组合逻辑真值表!L$2&"&","")),"") | M25: =IF(LEN(CONCATENATE(A25,B25,C25,D25,E25,F25,K25,L25))=0,"",LEFT(CONCATENATE(A25,B25,C25,D25,E25,F25,K25,L25),LEN(CONCATENATE(A25,B25,C25,D25,E25,F25,K25,L25))-1)) | N25: =IF(组合逻辑真值表!M26=1,$M25&"+","") | O25: =IF(组合逻辑真值表!N26=1,$M25&"+","") | P25: =IF(组合逻辑真值表!O26=1,$M25&"+","") | Q25: =IF(组合逻辑真值表!P26=1,$M25&"+","") | R25: =IF(组合逻辑真值表!Q26=1,$M25&"+","") | S25: =IF(组合逻辑真值表!R26=1,$M25&"+","") | T25: =IF(组合逻辑真值表!S26=1,$M25&"+","") | U25: =IF(组合逻辑真值表!T26=1,$M25&"+","") | ... Y25: =IF(组合逻辑真值表!X26=1,$M25&"+","")
A26: =IF(组合逻辑真值表!A27<>"",IF(组合逻辑真值表!A27=1,组合逻辑真值表!A$2&"&",IF(组合逻辑真值表!A27=0,"~"&组合逻辑真值表!A$2&"&","")),"") | B26: =IF(组合逻辑真值表!B27<>"",IF(组合逻辑真值表!B27=1,组合逻辑真值表!B$2&"&",IF(组合逻辑真值表!B27=0,"~"&组合逻辑真值表!B$2&"&","")),"") | C26: =IF(组合逻辑真值表!C27<>"",IF(组合逻辑真值表!C27=1,组合逻辑真值表!C$2&"&",IF(组合逻辑真值表!C27=0,"~"&组合逻辑真值表!C$2&"&","")),"") | D26: =IF(组合逻辑真值表!D27<>"",IF(组合逻辑真值表!D27=1,组合逻辑真值表!D$2&"&",IF(组合逻辑真值表!D27=0,"~"&组合逻辑真值表!D$2&"&","")),"") | E26: =IF(组合逻辑真值表!E27<>"",IF(组合逻辑真值表!E27=1,组合逻辑真值表!E$2&"&",IF(组合逻辑真值表!E27=0,"~"&组合逻辑真值表!E$2&"&","")),"") | F26: =IF(组合逻辑真值表!F27<>"",IF(组合逻辑真值表!F27=1,组合逻辑真值表!F$2&"&",IF(组合逻辑真值表!F27=0,"~"&组合逻辑真值表!F$2&"&","")),"") | K26: =IF(组合逻辑真值表!K27<>"",IF(组合逻辑真值表!K27=1,组合逻辑真值表!K$2&"&",IF(组合逻辑真值表!K27=0,"~"&组合逻辑真值表!K$2&"&","")),"") | L26: =IF(组合逻辑真值表!L27<>"",IF(组合逻辑真值表!L27=1,组合逻辑真值表!L$2&"&",IF(组合逻辑真值表!L27=0,"~"&组合逻辑真值表!L$2&"&","")),"") | M26: =IF(LEN(CONCATENATE(A26,B26,C26,D26,E26,F26,K26,L26))=0,"",LEFT(CONCATENATE(A26,B26,C26,D26,E26,F26,K26,L26),LEN(CONCATENATE(A26,B26,C26,D26,E26,F26,K26,L26))-1)) | N26: =IF(组合逻辑真值表!M27=1,$M26&"+","") | O26: =IF(组合逻辑真值表!N27=1,$M26&"+","") | P26: =IF(组合逻辑真值表!O27=1,$M26&"+","") | Q26: =IF(组合逻辑真值表!P27=1,$M26&"+","") | R26: =IF(组合逻辑真值表!Q27=1,$M26&"+","") | S26: =IF(组合逻辑真值表!R27=1,$M26&"+","") | T26: =IF(组合逻辑真值表!S27=1,$M26&"+","") | U26: =IF(组合逻辑真值表!T27=1,$M26&"+","") | ... Y26: =IF(组合逻辑真值表!X27=1,$M26&"+","")
A27: =IF(组合逻辑真值表!A28<>"",IF(组合逻辑真值表!A28=1,组合逻辑真值表!A$2&"&",IF(组合逻辑真值表!A28=0,"~"&组合逻辑真值表!A$2&"&","")),"") | B27: =IF(组合逻辑真值表!B28<>"",IF(组合逻辑真值表!B28=1,组合逻辑真值表!B$2&"&",IF(组合逻辑真值表!B28=0,"~"&组合逻辑真值表!B$2&"&","")),"") | C27: =IF(组合逻辑真值表!C28<>"",IF(组合逻辑真值表!C28=1,组合逻辑真值表!C$2&"&",IF(组合逻辑真值表!C28=0,"~"&组合逻辑真值表!C$2&"&","")),"") | D27: =IF(组合逻辑真值表!D28<>"",IF(组合逻辑真值表!D28=1,组合逻辑真值表!D$2&"&",IF(组合逻辑真值表!D28=0,"~"&组合逻辑真值表!D$2&"&","")),"") | E27: =IF(组合逻辑真值表!E28<>"",IF(组合逻辑真值表!E28=1,组合逻辑真值表!E$2&"&",IF(组合逻辑真值表!E28=0,"~"&组合逻辑真值表!E$2&"&","")),"") | F27: =IF(组合逻辑真值表!F28<>"",IF(组合逻辑真值表!F28=1,组合逻辑真值表!F$2&"&",IF(组合逻辑真值表!F28=0,"~"&组合逻辑真值表!F$2&"&","")),"") | K27: =IF(组合逻辑真值表!K28<>"",IF(组合逻辑真值表!K28=1,组合逻辑真值表!K$2&"&",IF(组合逻辑真值表!K28=0,"~"&组合逻辑真值表!K$2&"&","")),"") | L27: =IF(组合逻辑真值表!L28<>"",IF(组合逻辑真值表!L28=1,组合逻辑真值表!L$2&"&",IF(组合逻辑真值表!L28=0,"~"&组合逻辑真值表!L$2&"&","")),"") | M27: =IF(LEN(CONCATENATE(A27,B27,C27,D27,E27,F27,K27,L27))=0,"",LEFT(CONCATENATE(A27,B27,C27,D27,E27,F27,K27,L27),LEN(CONCATENATE(A27,B27,C27,D27,E27,F27,K27,L27))-1)) | N27: =IF(组合逻辑真值表!M28=1,$M27&"+","") | O27: =IF(组合逻辑真值表!N28=1,$M27&"+","") | P27: =IF(组合逻辑真值表!O28=1,$M27&"+","") | Q27: =IF(组合逻辑真值表!P28=1,$M27&"+","") | R27: =IF(组合逻辑真值表!Q28=1,$M27&"+","") | S27: =IF(组合逻辑真值表!R28=1,$M27&"+","") | T27: =IF(组合逻辑真值表!S28=1,$M27&"+","") | U27: =IF(组合逻辑真值表!T28=1,$M27&"+","") | ... Y27: =IF(组合逻辑真值表!X28=1,$M27&"+","")
A28: =IF(组合逻辑真值表!A29<>"",IF(组合逻辑真值表!A29=1,组合逻辑真值表!A$2&"&",IF(组合逻辑真值表!A29=0,"~"&组合逻辑真值表!A$2&"&","")),"") | B28: =IF(组合逻辑真值表!B29<>"",IF(组合逻辑真值表!B29=1,组合逻辑真值表!B$2&"&",IF(组合逻辑真值表!B29=0,"~"&组合逻辑真值表!B$2&"&","")),"") | C28: =IF(组合逻辑真值表!C29<>"",IF(组合逻辑真值表!C29=1,组合逻辑真值表!C$2&"&",IF(组合逻辑真值表!C29=0,"~"&组合逻辑真值表!C$2&"&","")),"") | D28: =IF(组合逻辑真值表!D29<>"",IF(组合逻辑真值表!D29=1,组合逻辑真值表!D$2&"&",IF(组合逻辑真值表!D29=0,"~"&组合逻辑真值表!D$2&"&","")),"") | E28: =IF(组合逻辑真值表!E29<>"",IF(组合逻辑真值表!E29=1,组合逻辑真值表!E$2&"&",IF(组合逻辑真值表!E29=0,"~"&组合逻辑真值表!E$2&"&","")),"") | F28: =IF(组合逻辑真值表!F29<>"",IF(组合逻辑真值表!F29=1,组合逻辑真值表!F$2&"&",IF(组合逻辑真值表!F29=0,"~"&组合逻辑真值表!F$2&"&","")),"") | K28: =IF(组合逻辑真值表!K29<>"",IF(组合逻辑真值表!K29=1,组合逻辑真值表!K$2&"&",IF(组合逻辑真值表!K29=0,"~"&组合逻辑真值表!K$2&"&","")),"") | L28: =IF(组合逻辑真值表!L29<>"",IF(组合逻辑真值表!L29=1,组合逻辑真值表!L$2&"&",IF(组合逻辑真值表!L29=0,"~"&组合逻辑真值表!L$2&"&","")),"") | M28: =IF(LEN(CONCATENATE(A28,B28,C28,D28,E28,F28,K28,L28))=0,"",LEFT(CONCATENATE(A28,B28,C28,D28,E28,F28,K28,L28),LEN(CONCATENATE(A28,B28,C28,D28,E28,F28,K28,L28))-1)) | N28: =IF(组合逻辑真值表!M29=1,$M28&"+","") | O28: =IF(组合逻辑真值表!N29=1,$M28&"+","") | P28: =IF(组合逻辑真值表!O29=1,$M28&"+","") | Q28: =IF(组合逻辑真值表!P29=1,$M28&"+","") | R28: =IF(组合逻辑真值表!Q29=1,$M28&"+","") | S28: =IF(组合逻辑真值表!R29=1,$M28&"+","") | T28: =IF(组合逻辑真值表!S29=1,$M28&"+","") | U28: =IF(组合逻辑真值表!T29=1,$M28&"+","") | ... Y28: =IF(组合逻辑真值表!X29=1,$M28&"+","")
A29: =IF(组合逻辑真值表!A30<>"",IF(组合逻辑真值表!A30=1,组合逻辑真值表!A$2&"&",IF(组合逻辑真值表!A30=0,"~"&组合逻辑真值表!A$2&"&","")),"") | B29: =IF(组合逻辑真值表!B30<>"",IF(组合逻辑真值表!B30=1,组合逻辑真值表!B$2&"&",IF(组合逻辑真值表!B30=0,"~"&组合逻辑真值表!B$2&"&","")),"") | C29: =IF(组合逻辑真值表!C30<>"",IF(组合逻辑真值表!C30=1,组合逻辑真值表!C$2&"&",IF(组合逻辑真值表!C30=0,"~"&组合逻辑真值表!C$2&"&","")),"") | D29: =IF(组合逻辑真值表!D30<>"",IF(组合逻辑真值表!D30=1,组合逻辑真值表!D$2&"&",IF(组合逻辑真值表!D30=0,"~"&组合逻辑真值表!D$2&"&","")),"") | E29: =IF(组合逻辑真值表!E30<>"",IF(组合逻辑真值表!E30=1,组合逻辑真值表!E$2&"&",IF(组合逻辑真值表!E30=0,"~"&组合逻辑真值表!E$2&"&","")),"") | F29: =IF(组合逻辑真值表!F30<>"",IF(组合逻辑真值表!F30=1,组合逻辑真值表!F$2&"&",IF(组合逻辑真值表!F30=0,"~"&组合逻辑真值表!F$2&"&","")),"") | K29: =IF(组合逻辑真值表!K30<>"",IF(组合逻辑真值表!K30=1,组合逻辑真值表!K$2&"&",IF(组合逻辑真值表!K30=0,"~"&组合逻辑真值表!K$2&"&","")),"") | L29: =IF(组合逻辑真值表!L30<>"",IF(组合逻辑真值表!L30=1,组合逻辑真值表!L$2&"&",IF(组合逻辑真值表!L30=0,"~"&组合逻辑真值表!L$2&"&","")),"") | M29: =IF(LEN(CONCATENATE(A29,B29,C29,D29,E29,F29,K29,L29))=0,"",LEFT(CONCATENATE(A29,B29,C29,D29,E29,F29,K29,L29),LEN(CONCATENATE(A29,B29,C29,D29,E29,F29,K29,L29))-1)) | N29: =IF(组合逻辑真值表!M30=1,$M29&"+","") | O29: =IF(组合逻辑真值表!N30=1,$M29&"+","") | P29: =IF(组合逻辑真值表!O30=1,$M29&"+","") | Q29: =IF(组合逻辑真值表!P30=1,$M29&"+","") | R29: =IF(组合逻辑真值表!Q30=1,$M29&"+","") | S29: =IF(组合逻辑真值表!R30=1,$M29&"+","") | T29: =IF(组合逻辑真值表!S30=1,$M29&"+","") | U29: =IF(组合逻辑真值表!T30=1,$M29&"+","") | ... Y29: =IF(组合逻辑真值表!X30=1,$M29&"+","")
A30: =IF(组合逻辑真值表!A31<>"",IF(组合逻辑真值表!A31=1,组合逻辑真值表!A$2&"&",IF(组合逻辑真值表!A31=0,"~"&组合逻辑真值表!A$2&"&","")),"") | B30: =IF(组合逻辑真值表!B31<>"",IF(组合逻辑真值表!B31=1,组合逻辑真值表!B$2&"&",IF(组合逻辑真值表!B31=0,"~"&组合逻辑真值表!B$2&"&","")),"") | C30: =IF(组合逻辑真值表!C31<>"",IF(组合逻辑真值表!C31=1,组合逻辑真值表!C$2&"&",IF(组合逻辑真值表!C31=0,"~"&组合逻辑真值表!C$2&"&","")),"") | D30: =IF(组合逻辑真值表!D31<>"",IF(组合逻辑真值表!D31=1,组合逻辑真值表!D$2&"&",IF(组合逻辑真值表!D31=0,"~"&组合逻辑真值表!D$2&"&","")),"") | E30: =IF(组合逻辑真值表!E31<>"",IF(组合逻辑真值表!E31=1,组合逻辑真值表!E$2&"&",IF(组合逻辑真值表!E31=0,"~"&组合逻辑真值表!E$2&"&","")),"") | F30: =IF(组合逻辑真值表!F31<>"",IF(组合逻辑真值表!F31=1,组合逻辑真值表!F$2&"&",IF(组合逻辑真值表!F31=0,"~"&组合逻辑真值表!F$2&"&","")),"") | K30: =IF(组合逻辑真值表!K31<>"",IF(组合逻辑真值表!K31=1,组合逻辑真值表!K$2&"&",IF(组合逻辑真值表!K31=0,"~"&组合逻辑真值表!K$2&"&","")),"") | L30: =IF(组合逻辑真值表!L31<>"",IF(组合逻辑真值表!L31=1,组合逻辑真值表!L$2&"&",IF(组合逻辑真值表!L31=0,"~"&组合逻辑真值表!L$2&"&","")),"") | M30: =IF(LEN(CONCATENATE(A30,B30,C30,D30,E30,F30,K30,L30))=0,"",LEFT(CONCATENATE(A30,B30,C30,D30,E30,F30,K30,L30),LEN(CONCATENATE(A30,B30,C30,D30,E30,F30,K30,L30))-1)) | N30: =IF(组合逻辑真值表!M31=1,$M30&"+","") | O30: =IF(组合逻辑真值表!N31=1,$M30&"+","") | P30: =IF(组合逻辑真值表!O31=1,$M30&"+","") | Q30: =IF(组合逻辑真值表!P31=1,$M30&"+","") | R30: =IF(组合逻辑真值表!Q31=1,$M30&"+","") | S30: =IF(组合逻辑真值表!R31=1,$M30&"+","") | T30: =IF(组合逻辑真值表!S31=1,$M30&"+","") | U30: =IF(组合逻辑真值表!T31=1,$M30&"+","") | ... Y30: =IF(组合逻辑真值表!X31=1,$M30&"+","")
A31: 输出信号逻辑表达式->>> | N31: =IF(LEN(N32)>1,LEFT(N32,LEN(N32)-1),"") -> ~OP5&~OP4&OP3&OP2&~OP1&~OP0 | O31: =IF(LEN(O32)>1,LEFT(O32,LEN(O32)-1),"") -> ~OP5&~OP4&~OP3&~OP2&OP1&~OP0 | P31: =IF(LEN(P32)>1,LEFT(P32,LEN(P32)-1),"") | Q31: =IF(LEN(Q32)>1,LEFT(Q32,LEN(Q32)-1),"") | R31: =IF(LEN(R32)>1,LEFT(R32,LEN(R32)-1),"") | S31: =IF(LEN(S32)>1,LEFT(S32,LEN(S32)-1),"") | T31: =IF(LEN(T32)>1,LEFT(T32,LEN(T32)-1),"") | U31: =IF(LEN(U32)>1,LEFT(U32,LEN(U32)-1),"") | ... Y31: =IF(LEN(Y32)>1,LEFT(Y32,LEN(Y32)-1),"")
N32: =CONCATENATE(N2,N3,N4,N5,N6,N7,N8,N9,N10,N11,N12,N13,N14,N15,N16,N17,N18,N19,N20,N21,N22,N23,N24,N25,N26,N27,N28,N29,N30) -> ~OP5&~OP4&OP3&OP2&~OP1&~OP0+ | O32: =CONCATENATE(O2,O3,O4,O5,O6,O7,O8,O9,O10,O11,O12,O13,O14,O15,O16,O17,O18,O19,O20,O21,O22,O23,O24,O25,O26,O27,O28,O29,O30) -> ~OP5&~OP4&~OP3&~OP2&OP1&~OP0+ | P32: =CONCATENATE(P2,P3,P4,P5,P6,P7,P8,P9,P10,P11,P12,P13,P14,P15,P16,P17,P18,P19,P20,P21,P22,P23,P24,P25,P26,P27,P28,P29,P30) | Q32: =CONCATENATE(Q2,Q3,Q4,Q5,Q6,Q7,Q8,Q9,Q10,Q11,Q12,Q13,Q14,Q15,Q16,Q17,Q18,Q19,Q20,Q21,Q22,Q23,Q24,Q25,Q26,Q27,Q28,Q29,Q30) | R32: =CONCATENATE(R2,R3,R4,R5,R6,R7,R8,R9,R10,R11,R12,R13,R14,R15,R16,R17,R18,R19,R20,R21,R22,R23,R24,R25,R26,R27,R28,R29,R30) | S32: =CONCATENATE(S2,S3,S4,S5,S6,S7,S8,S9,S10,S11,S12,S13,S14,S15,S16,S17,S18,S19,S20,S21,S22,S23,S24,S25,S26,S27,S28,S29,S30) | T32: =CONCATENATE(T2,T3,T4,T5,T6,T7,T8,T9,T10,T11,T12,T13,T14,T15,T16,T17,T18,T19,T20,T21,T22,T23,T24,T25,T26,T27,T28,T29,T30) | U32: =CONCATENATE(U2,U3,U4,U5,U6,U7,U8,U9,U10,U11,U12,U13,U14,U15,U16,U17,U18,U19,U20,U21,U22,U23,U24,U25,U26,U27,U28,U29,U30) | ... Y32: =CONCATENATE(Y2,Y3,Y4,Y5,Y6,Y7,Y8,Y9,Y10,Y11,Y12,Y13,Y14,Y15,Y16,Y17,Y18,Y19,Y20,Y21,Y22,Y23,Y24,Y25,Y26,Y27,Y28,Y29,Y30)
A33: 本表格不允许编辑，如实在好奇，在审阅菜单中撤销工作表保护
Q36: 这里是输出信号的逻辑表达式，复制到Logisim中即可，注意不要复制excel公式，要复制对应的值
